{"map": 2, "lives": 3, "health": 47.11880189000011, "total_time": 21.771278366}