{"map": 0, "lives": 3, "health": 81.23538468999996, "total_time": 91.20117455}